Request Number,Status Code,Rate Limit Exceeded,Proxy Jump
2,200,No,"Proxy Level 3, Proxy Level 2, Proxy Level 1, Main Proxy"
1,200,No,"Proxy Level 3, Proxy Level 2, Proxy Level 1, Main Proxy"
5,200,No,"Proxy Level 3, Proxy Level 2, Proxy Level 1, Main Proxy"
6,200,No,"Proxy Level 3, Proxy Level 2, Proxy Level 1, Main Proxy"
7,200,No,"Proxy Level 3, Proxy Level 2, Proxy Level 1, Main Proxy"
8,200,No,"Proxy Level 3, Proxy Level 2, Proxy Level 1, Main Proxy"
9,200,No,"Proxy Level 3, Proxy Level 2, Proxy Level 1, Main Proxy"
11,200,No,"Proxy Level 3, Proxy Level 2, Proxy Level 1, Main Proxy"
10,200,No,"Proxy Level 3, Proxy Level 2, Proxy Level 1, Main Proxy"
12,200,No,"Proxy Level 3, Proxy Level 2, Proxy Level 1, Main Proxy"
13,200,No,"Proxy Level 3, Proxy Level 2, Proxy Level 1, Main Proxy"
14,200,No,"Proxy Level 3, Proxy Level 2, Proxy Level 1, Main Proxy"
15,200,No,"Proxy Level 3, Proxy Level 2, Proxy Level 1, Main Proxy"
16,200,No,"Proxy Level 3, Proxy Level 2, Proxy Level 1, Main Proxy"
17,200,No,"Proxy Level 3, Proxy Level 2, Proxy Level 1, Main Proxy"
18,200,No,"Proxy Level 3, Proxy Level 2, Proxy Level 1, Main Proxy"
19,200,No,"Proxy Level 3, Proxy Level 2, Proxy Level 1, Main Proxy"
20,200,No,"Proxy Level 3, Proxy Level 2, Proxy Level 1, Main Proxy"
21,200,No,"Proxy Level 3, Proxy Level 2, Proxy Level 1, Main Proxy"
22,200,No,"Proxy Level 3, Proxy Level 2, Proxy Level 1, Main Proxy"
23,200,No,"Proxy Level 3, Proxy Level 2, Proxy Level 1, Main Proxy"
25,503,Yes,None
24,200,No,"Proxy Level 3, Proxy Level 2, Proxy Level 1, Main Proxy"
26,503,Yes,None
28,503,Yes,None
27,200,No,"Proxy Level 3, Proxy Level 2, Proxy Level 1, Main Proxy"
29,200,No,"Proxy Level 3, Proxy Level 2, Proxy Level 1, Main Proxy"
31,503,Yes,None
30,200,No,"Proxy Level 3, Proxy Level 2, Proxy Level 1, Main Proxy"
32,200,No,"Proxy Level 3, Proxy Level 2, Proxy Level 1, Main Proxy"
33,200,No,"Proxy Level 3, Proxy Level 2, Proxy Level 1, Main Proxy"
34,503,Yes,None
36,503,Yes,None
35,200,No,"Proxy Level 3, Proxy Level 2, Proxy Level 1, Main Proxy"
37,200,No,"Proxy Level 3, Proxy Level 2, Proxy Level 1, Main Proxy"
38,503,Yes,None
39,200,No,"Proxy Level 3, Proxy Level 2, Proxy Level 1, Main Proxy"
40,503,Yes,None
41,503,Yes,None
42,200,No,"Proxy Level 3, Proxy Level 2, Proxy Level 1, Main Proxy"
43,200,No,"Proxy Level 3, Proxy Level 2, Proxy Level 1, Main Proxy"
44,200,No,"Proxy Level 3, Proxy Level 2, Proxy Level 1, Main Proxy"
46,503,Yes,None
45,503,Yes,None
47,200,No,"Proxy Level 3, Proxy Level 2, Proxy Level 1, Main Proxy"
49,503,Yes,None
48,200,No,"Proxy Level 3, Proxy Level 2, Proxy Level 1, Main Proxy"
51,503,Yes,None
50,200,No,"Proxy Level 3, Proxy Level 2, Proxy Level 1, Main Proxy"
53,200,No,"Proxy Level 3, Proxy Level 2, Proxy Level 1, Main Proxy"
52,200,No,"Proxy Level 3, Proxy Level 2, Proxy Level 1, Main Proxy"
54,503,Yes,None
57,503,Yes,None
55,200,No,"Proxy Level 3, Proxy Level 2, Proxy Level 1, Main Proxy"
58,503,Yes,None
56,200,No,"Proxy Level 3, Proxy Level 2, Proxy Level 1, Main Proxy"
59,503,Yes,None
60,200,No,"Proxy Level 3, Proxy Level 2, Proxy Level 1, Main Proxy"
61,200,No,"Proxy Level 3, Proxy Level 2, Proxy Level 1, Main Proxy"
62,200,No,"Proxy Level 3, Proxy Level 2, Proxy Level 1, Main Proxy"
64,503,Yes,None
65,503,Yes,None
63,200,No,"Proxy Level 3, Proxy Level 2, Proxy Level 1, Main Proxy"
67,503,Yes,None
66,200,No,"Proxy Level 3, Proxy Level 2, Proxy Level 1, Main Proxy"
68,200,No,"Proxy Level 3, Proxy Level 2, Proxy Level 1, Main Proxy"
69,503,Yes,None
70,200,No,"Proxy Level 3, Proxy Level 2, Proxy Level 1, Main Proxy"
73,503,Yes,None
72,503,Yes,None
71,200,No,"Proxy Level 3, Proxy Level 2, Proxy Level 1, Main Proxy"
75,200,No,"Proxy Level 3, Proxy Level 2, Proxy Level 1, Main Proxy"
74,200,No,"Proxy Level 3, Proxy Level 2, Proxy Level 1, Main Proxy"
76,503,Yes,None
77,200,No,"Proxy Level 3, Proxy Level 2, Proxy Level 1, Main Proxy"
78,503,Yes,None
79,200,No,"Proxy Level 3, Proxy Level 2, Proxy Level 1, Main Proxy"
80,200,No,"Proxy Level 3, Proxy Level 2, Proxy Level 1, Main Proxy"
81,503,Yes,None
82,200,No,"Proxy Level 3, Proxy Level 2, Proxy Level 1, Main Proxy"
84,503,Yes,None
83,503,Yes,None
86,200,No,"Proxy Level 3, Proxy Level 2, Proxy Level 1, Main Proxy"
85,200,No,"Proxy Level 3, Proxy Level 2, Proxy Level 1, Main Proxy"
87,503,Yes,None
88,200,No,"Proxy Level 3, Proxy Level 2, Proxy Level 1, Main Proxy"
90,200,No,"Proxy Level 3, Proxy Level 2, Proxy Level 1, Main Proxy"
89,200,No,"Proxy Level 3, Proxy Level 2, Proxy Level 1, Main Proxy"
91,503,Yes,None
92,503,Yes,None
93,200,No,"Proxy Level 3, Proxy Level 2, Proxy Level 1, Main Proxy"
94,200,No,"Proxy Level 3, Proxy Level 2, Proxy Level 1, Main Proxy"
95,503,Yes,None
98,503,Yes,None
96,200,No,"Proxy Level 3, Proxy Level 2, Proxy Level 1, Main Proxy"
97,200,No,"Proxy Level 3, Proxy Level 2, Proxy Level 1, Main Proxy"
99,503,Yes,None
101,503,Yes,None
100,200,No,"Proxy Level 3, Proxy Level 2, Proxy Level 1, Main Proxy"
103,503,Yes,None
104,503,Yes,None
102,200,No,"Proxy Level 3, Proxy Level 2, Proxy Level 1, Main Proxy"
106,503,Yes,None
107,200,No,"Proxy Level 3, Proxy Level 2, Proxy Level 1, Main Proxy"
105,200,No,"Proxy Level 3, Proxy Level 2, Proxy Level 1, Main Proxy"
110,503,Yes,None
108,200,No,"Proxy Level 3, Proxy Level 2, Proxy Level 1, Main Proxy"
109,200,No,"Proxy Level 3, Proxy Level 2, Proxy Level 1, Main Proxy"
112,503,Yes,None
111,200,No,"Proxy Level 3, Proxy Level 2, Proxy Level 1, Main Proxy"
113,200,No,"Proxy Level 3, Proxy Level 2, Proxy Level 1, Main Proxy"
115,503,Yes,None
114,200,No,"Proxy Level 3, Proxy Level 2, Proxy Level 1, Main Proxy"
116,200,No,"Proxy Level 3, Proxy Level 2, Proxy Level 1, Main Proxy"
117,503,Yes,None
118,503,Yes,None
120,503,Yes,None
119,200,No,"Proxy Level 3, Proxy Level 2, Proxy Level 1, Main Proxy"
122,200,No,"Proxy Level 3, Proxy Level 2, Proxy Level 1, Main Proxy"
121,200,No,"Proxy Level 3, Proxy Level 2, Proxy Level 1, Main Proxy"
123,503,Yes,None
124,503,Yes,None
125,200,No,"Proxy Level 3, Proxy Level 2, Proxy Level 1, Main Proxy"
126,200,No,"Proxy Level 3, Proxy Level 2, Proxy Level 1, Main Proxy"
127,200,No,"Proxy Level 3, Proxy Level 2, Proxy Level 1, Main Proxy"
128,503,Yes,None
129,503,Yes,None
3,200,No,"Proxy Level 3, Proxy Level 2, Proxy Level 1, Main Proxy"
133,503,Yes,None
4,200,No,"Proxy Level 3, Proxy Level 2, Proxy Level 1, Main Proxy"
130,200,No,"Proxy Level 3, Proxy Level 2, Proxy Level 1, Main Proxy"
131,200,No,"Proxy Level 3, Proxy Level 2, Proxy Level 1, Main Proxy"
132,200,No,"Proxy Level 3, Proxy Level 2, Proxy Level 1, Main Proxy"
134,503,Yes,None
136,503,Yes,None
137,200,No,"Proxy Level 3, Proxy Level 2, Proxy Level 1, Main Proxy"
135,200,No,"Proxy Level 3, Proxy Level 2, Proxy Level 1, Main Proxy"
138,200,No,"Proxy Level 3, Proxy Level 2, Proxy Level 1, Main Proxy"
139,503,Yes,None
140,200,No,"Proxy Level 3, Proxy Level 2, Proxy Level 1, Main Proxy"
142,503,Yes,None
141,200,No,"Proxy Level 3, Proxy Level 2, Proxy Level 1, Main Proxy"
143,200,No,"Proxy Level 3, Proxy Level 2, Proxy Level 1, Main Proxy"
144,503,Yes,None
145,503,Yes,None
147,503,Yes,None
146,200,No,"Proxy Level 3, Proxy Level 2, Proxy Level 1, Main Proxy"
148,200,No,"Proxy Level 3, Proxy Level 2, Proxy Level 1, Main Proxy"
151,503,Yes,None
150,200,No,"Proxy Level 3, Proxy Level 2, Proxy Level 1, Main Proxy"
149,200,No,"Proxy Level 3, Proxy Level 2, Proxy Level 1, Main Proxy"
152,200,No,"Proxy Level 3, Proxy Level 2, Proxy Level 1, Main Proxy"
154,503,Yes,None
153,503,Yes,None
155,200,No,"Proxy Level 3, Proxy Level 2, Proxy Level 1, Main Proxy"
156,200,No,"Proxy Level 3, Proxy Level 2, Proxy Level 1, Main Proxy"
158,503,Yes,None
157,200,No,"Proxy Level 3, Proxy Level 2, Proxy Level 1, Main Proxy"
159,200,No,"Proxy Level 3, Proxy Level 2, Proxy Level 1, Main Proxy"
160,200,No,"Proxy Level 3, Proxy Level 2, Proxy Level 1, Main Proxy"
162,503,Yes,None
163,503,Yes,None
161,200,No,"Proxy Level 3, Proxy Level 2, Proxy Level 1, Main Proxy"
165,200,No,"Proxy Level 3, Proxy Level 2, Proxy Level 1, Main Proxy"
164,200,No,"Proxy Level 3, Proxy Level 2, Proxy Level 1, Main Proxy"
166,503,Yes,None
168,503,Yes,None
167,200,No,"Proxy Level 3, Proxy Level 2, Proxy Level 1, Main Proxy"
170,503,Yes,None
169,200,No,"Proxy Level 3, Proxy Level 2, Proxy Level 1, Main Proxy"
171,200,No,"Proxy Level 3, Proxy Level 2, Proxy Level 1, Main Proxy"
173,503,Yes,None
172,200,No,"Proxy Level 3, Proxy Level 2, Proxy Level 1, Main Proxy"
175,200,No,"Proxy Level 3, Proxy Level 2, Proxy Level 1, Main Proxy"
176,503,Yes,None
174,200,No,"Proxy Level 3, Proxy Level 2, Proxy Level 1, Main Proxy"
177,200,No,"Proxy Level 3, Proxy Level 2, Proxy Level 1, Main Proxy"
178,503,Yes,None
179,200,No,"Proxy Level 3, Proxy Level 2, Proxy Level 1, Main Proxy"
180,200,No,"Proxy Level 3, Proxy Level 2, Proxy Level 1, Main Proxy"
181,503,Yes,None
182,200,No,"Proxy Level 3, Proxy Level 2, Proxy Level 1, Main Proxy"
184,503,Yes,None
183,200,No,"Proxy Level 3, Proxy Level 2, Proxy Level 1, Main Proxy"
185,200,No,"Proxy Level 3, Proxy Level 2, Proxy Level 1, Main Proxy"
186,503,Yes,None
187,200,No,"Proxy Level 3, Proxy Level 2, Proxy Level 1, Main Proxy"
189,200,No,"Proxy Level 3, Proxy Level 2, Proxy Level 1, Main Proxy"
188,503,Yes,None
190,200,No,"Proxy Level 3, Proxy Level 2, Proxy Level 1, Main Proxy"
191,200,No,"Proxy Level 3, Proxy Level 2, Proxy Level 1, Main Proxy"
192,503,Yes,None
193,503,Yes,None
194,200,No,"Proxy Level 3, Proxy Level 2, Proxy Level 1, Main Proxy"
195,200,No,"Proxy Level 3, Proxy Level 2, Proxy Level 1, Main Proxy"
196,200,No,"Proxy Level 3, Proxy Level 2, Proxy Level 1, Main Proxy"
197,503,Yes,None
198,200,No,"Proxy Level 3, Proxy Level 2, Proxy Level 1, Main Proxy"
199,503,Yes,None
200,200,No,"Proxy Level 3, Proxy Level 2, Proxy Level 1, Main Proxy"
202,503,Yes,None
201,200,No,"Proxy Level 3, Proxy Level 2, Proxy Level 1, Main Proxy"
203,200,No,"Proxy Level 3, Proxy Level 2, Proxy Level 1, Main Proxy"
204,200,No,"Proxy Level 3, Proxy Level 2, Proxy Level 1, Main Proxy"
205,200,No,"Proxy Level 3, Proxy Level 2, Proxy Level 1, Main Proxy"
206,200,No,"Proxy Level 3, Proxy Level 2, Proxy Level 1, Main Proxy"
207,503,Yes,None
208,503,Yes,None
210,503,Yes,None
209,200,No,"Proxy Level 3, Proxy Level 2, Proxy Level 1, Main Proxy"
211,200,No,"Proxy Level 3, Proxy Level 2, Proxy Level 1, Main Proxy"
213,503,Yes,None
212,200,No,"Proxy Level 3, Proxy Level 2, Proxy Level 1, Main Proxy"
214,503,Yes,None
216,503,Yes,None
215,200,No,"Proxy Level 3, Proxy Level 2, Proxy Level 1, Main Proxy"
217,200,No,"Proxy Level 3, Proxy Level 2, Proxy Level 1, Main Proxy"
219,200,No,"Proxy Level 3, Proxy Level 2, Proxy Level 1, Main Proxy"
218,200,No,"Proxy Level 3, Proxy Level 2, Proxy Level 1, Main Proxy"
220,503,Yes,None
221,503,Yes,None
222,200,No,"Proxy Level 3, Proxy Level 2, Proxy Level 1, Main Proxy"
224,200,No,"Proxy Level 3, Proxy Level 2, Proxy Level 1, Main Proxy"
223,200,No,"Proxy Level 3, Proxy Level 2, Proxy Level 1, Main Proxy"
225,503,Yes,None
226,200,No,"Proxy Level 3, Proxy Level 2, Proxy Level 1, Main Proxy"
227,503,Yes,None
229,503,Yes,None
228,200,No,"Proxy Level 3, Proxy Level 2, Proxy Level 1, Main Proxy"
230,200,No,"Proxy Level 3, Proxy Level 2, Proxy Level 1, Main Proxy"
231,200,No,"Proxy Level 3, Proxy Level 2, Proxy Level 1, Main Proxy"
232,503,Yes,None
233,200,No,"Proxy Level 3, Proxy Level 2, Proxy Level 1, Main Proxy"
236,503,Yes,None
235,503,Yes,None
234,200,No,"Proxy Level 3, Proxy Level 2, Proxy Level 1, Main Proxy"
237,200,No,"Proxy Level 3, Proxy Level 2, Proxy Level 1, Main Proxy"
238,200,No,"Proxy Level 3, Proxy Level 2, Proxy Level 1, Main Proxy"
239,200,No,"Proxy Level 3, Proxy Level 2, Proxy Level 1, Main Proxy"
240,503,Yes,None
242,503,Yes,None
241,200,No,"Proxy Level 3, Proxy Level 2, Proxy Level 1, Main Proxy"
243,503,Yes,None
246,503,Yes,None
244,200,No,"Proxy Level 3, Proxy Level 2, Proxy Level 1, Main Proxy"
245,200,No,"Proxy Level 3, Proxy Level 2, Proxy Level 1, Main Proxy"
248,200,No,"Proxy Level 3, Proxy Level 2, Proxy Level 1, Main Proxy"
247,200,No,"Proxy Level 3, Proxy Level 2, Proxy Level 1, Main Proxy"
249,503,Yes,None
250,503,Yes,None
251,200,No,"Proxy Level 3, Proxy Level 2, Proxy Level 1, Main Proxy"
253,503,Yes,None
252,200,No,"Proxy Level 3, Proxy Level 2, Proxy Level 1, Main Proxy"
254,200,No,"Proxy Level 3, Proxy Level 2, Proxy Level 1, Main Proxy"
255,200,No,"Proxy Level 3, Proxy Level 2, Proxy Level 1, Main Proxy"
256,200,No,"Proxy Level 3, Proxy Level 2, Proxy Level 1, Main Proxy"
257,503,Yes,None
258,200,No,"Proxy Level 3, Proxy Level 2, Proxy Level 1, Main Proxy"
259,200,No,"Proxy Level 3, Proxy Level 2, Proxy Level 1, Main Proxy"
260,503,Yes,None
261,200,No,"Proxy Level 3, Proxy Level 2, Proxy Level 1, Main Proxy"
262,503,Yes,None
263,200,No,"Proxy Level 3, Proxy Level 2, Proxy Level 1, Main Proxy"
264,200,No,"Proxy Level 3, Proxy Level 2, Proxy Level 1, Main Proxy"
266,503,Yes,None
265,200,No,"Proxy Level 3, Proxy Level 2, Proxy Level 1, Main Proxy"
267,503,Yes,None
268,200,No,"Proxy Level 3, Proxy Level 2, Proxy Level 1, Main Proxy"
270,200,No,"Proxy Level 3, Proxy Level 2, Proxy Level 1, Main Proxy"
271,503,Yes,None
269,200,No,"Proxy Level 3, Proxy Level 2, Proxy Level 1, Main Proxy"
272,503,Yes,None
273,200,No,"Proxy Level 3, Proxy Level 2, Proxy Level 1, Main Proxy"
274,200,No,"Proxy Level 3, Proxy Level 2, Proxy Level 1, Main Proxy"
275,503,Yes,None
277,503,Yes,None
276,200,No,"Proxy Level 3, Proxy Level 2, Proxy Level 1, Main Proxy"
278,503,Yes,None
279,200,No,"Proxy Level 3, Proxy Level 2, Proxy Level 1, Main Proxy"
280,200,No,"Proxy Level 3, Proxy Level 2, Proxy Level 1, Main Proxy"
281,503,Yes,None
282,200,No,"Proxy Level 3, Proxy Level 2, Proxy Level 1, Main Proxy"
283,200,No,"Proxy Level 3, Proxy Level 2, Proxy Level 1, Main Proxy"
284,503,Yes,None
285,503,Yes,None
287,200,No,"Proxy Level 3, Proxy Level 2, Proxy Level 1, Main Proxy"
286,200,No,"Proxy Level 3, Proxy Level 2, Proxy Level 1, Main Proxy"
288,200,No,"Proxy Level 3, Proxy Level 2, Proxy Level 1, Main Proxy"
289,503,Yes,None
291,503,Yes,None
290,200,No,"Proxy Level 3, Proxy Level 2, Proxy Level 1, Main Proxy"
292,200,No,"Proxy Level 3, Proxy Level 2, Proxy Level 1, Main Proxy"
294,503,Yes,None
293,200,No,"Proxy Level 3, Proxy Level 2, Proxy Level 1, Main Proxy"
295,200,No,"Proxy Level 3, Proxy Level 2, Proxy Level 1, Main Proxy"
296,503,Yes,None
298,503,Yes,None
297,200,No,"Proxy Level 3, Proxy Level 2, Proxy Level 1, Main Proxy"
299,200,No,"Proxy Level 3, Proxy Level 2, Proxy Level 1, Main Proxy"
301,503,Yes,None
300,200,No,"Proxy Level 3, Proxy Level 2, Proxy Level 1, Main Proxy"
302,200,No,"Proxy Level 3, Proxy Level 2, Proxy Level 1, Main Proxy"
304,503,Yes,None
303,200,No,"Proxy Level 3, Proxy Level 2, Proxy Level 1, Main Proxy"
306,503,Yes,None
305,503,Yes,None
309,503,Yes,None
308,200,No,"Proxy Level 3, Proxy Level 2, Proxy Level 1, Main Proxy"
307,200,No,"Proxy Level 3, Proxy Level 2, Proxy Level 1, Main Proxy"
311,503,Yes,None
310,200,No,"Proxy Level 3, Proxy Level 2, Proxy Level 1, Main Proxy"
312,200,No,"Proxy Level 3, Proxy Level 2, Proxy Level 1, Main Proxy"
313,200,No,"Proxy Level 3, Proxy Level 2, Proxy Level 1, Main Proxy"
314,200,No,"Proxy Level 3, Proxy Level 2, Proxy Level 1, Main Proxy"
315,503,Yes,None
316,200,No,"Proxy Level 3, Proxy Level 2, Proxy Level 1, Main Proxy"
317,503,Yes,None
318,200,No,"Proxy Level 3, Proxy Level 2, Proxy Level 1, Main Proxy"
319,200,No,"Proxy Level 3, Proxy Level 2, Proxy Level 1, Main Proxy"
320,503,Yes,None
321,200,No,"Proxy Level 3, Proxy Level 2, Proxy Level 1, Main Proxy"
323,503,Yes,None
322,200,No,"Proxy Level 3, Proxy Level 2, Proxy Level 1, Main Proxy"
324,200,No,"Proxy Level 3, Proxy Level 2, Proxy Level 1, Main Proxy"
325,200,No,"Proxy Level 3, Proxy Level 2, Proxy Level 1, Main Proxy"
326,503,Yes,None
329,503,Yes,None
327,200,No,"Proxy Level 3, Proxy Level 2, Proxy Level 1, Main Proxy"
328,503,Yes,None
330,200,No,"Proxy Level 3, Proxy Level 2, Proxy Level 1, Main Proxy"
331,200,No,"Proxy Level 3, Proxy Level 2, Proxy Level 1, Main Proxy"
333,503,Yes,None
332,200,No,"Proxy Level 3, Proxy Level 2, Proxy Level 1, Main Proxy"
335,503,Yes,None
334,503,Yes,None
336,200,No,"Proxy Level 3, Proxy Level 2, Proxy Level 1, Main Proxy"
337,200,No,"Proxy Level 3, Proxy Level 2, Proxy Level 1, Main Proxy"
338,200,No,"Proxy Level 3, Proxy Level 2, Proxy Level 1, Main Proxy"
340,503,Yes,None
339,200,No,"Proxy Level 3, Proxy Level 2, Proxy Level 1, Main Proxy"
341,200,No,"Proxy Level 3, Proxy Level 2, Proxy Level 1, Main Proxy"
343,503,Yes,None
342,200,No,"Proxy Level 3, Proxy Level 2, Proxy Level 1, Main Proxy"
344,200,No,"Proxy Level 3, Proxy Level 2, Proxy Level 1, Main Proxy"
345,200,No,"Proxy Level 3, Proxy Level 2, Proxy Level 1, Main Proxy"
346,200,No,"Proxy Level 3, Proxy Level 2, Proxy Level 1, Main Proxy"
347,200,No,"Proxy Level 3, Proxy Level 2, Proxy Level 1, Main Proxy"
348,503,Yes,None
350,503,Yes,None
349,503,Yes,None
351,200,No,"Proxy Level 3, Proxy Level 2, Proxy Level 1, Main Proxy"
352,200,No,"Proxy Level 3, Proxy Level 2, Proxy Level 1, Main Proxy"
353,503,Yes,None
355,200,No,"Proxy Level 3, Proxy Level 2, Proxy Level 1, Main Proxy"
354,200,No,"Proxy Level 3, Proxy Level 2, Proxy Level 1, Main Proxy"
356,503,Yes,None
357,200,No,"Proxy Level 3, Proxy Level 2, Proxy Level 1, Main Proxy"
358,503,Yes,None
359,200,No,"Proxy Level 3, Proxy Level 2, Proxy Level 1, Main Proxy"
360,200,No,"Proxy Level 3, Proxy Level 2, Proxy Level 1, Main Proxy"
361,503,Yes,None
362,200,No,"Proxy Level 3, Proxy Level 2, Proxy Level 1, Main Proxy"
363,200,No,"Proxy Level 3, Proxy Level 2, Proxy Level 1, Main Proxy"
364,503,Yes,None
365,200,No,"Proxy Level 3, Proxy Level 2, Proxy Level 1, Main Proxy"
366,200,No,"Proxy Level 3, Proxy Level 2, Proxy Level 1, Main Proxy"
367,200,No,"Proxy Level 3, Proxy Level 2, Proxy Level 1, Main Proxy"
368,200,No,"Proxy Level 3, Proxy Level 2, Proxy Level 1, Main Proxy"
369,503,Yes,None
370,503,Yes,None
371,200,No,"Proxy Level 3, Proxy Level 2, Proxy Level 1, Main Proxy"
372,503,Yes,None
373,200,No,"Proxy Level 3, Proxy Level 2, Proxy Level 1, Main Proxy"
374,200,No,"Proxy Level 3, Proxy Level 2, Proxy Level 1, Main Proxy"
375,503,Yes,None
377,503,Yes,None
376,200,No,"Proxy Level 3, Proxy Level 2, Proxy Level 1, Main Proxy"
378,200,No,"Proxy Level 3, Proxy Level 2, Proxy Level 1, Main Proxy"
379,503,Yes,None
380,200,No,"Proxy Level 3, Proxy Level 2, Proxy Level 1, Main Proxy"
381,200,No,"Proxy Level 3, Proxy Level 2, Proxy Level 1, Main Proxy"
382,200,No,"Proxy Level 3, Proxy Level 2, Proxy Level 1, Main Proxy"
383,503,Yes,None
384,503,Yes,None
385,200,No,"Proxy Level 3, Proxy Level 2, Proxy Level 1, Main Proxy"
386,200,No,"Proxy Level 3, Proxy Level 2, Proxy Level 1, Main Proxy"
388,503,Yes,None
389,503,Yes,None
387,200,No,"Proxy Level 3, Proxy Level 2, Proxy Level 1, Main Proxy"
390,200,No,"Proxy Level 3, Proxy Level 2, Proxy Level 1, Main Proxy"
391,503,Yes,None
392,200,No,"Proxy Level 3, Proxy Level 2, Proxy Level 1, Main Proxy"
393,200,No,"Proxy Level 3, Proxy Level 2, Proxy Level 1, Main Proxy"
394,503,Yes,None
395,200,No,"Proxy Level 3, Proxy Level 2, Proxy Level 1, Main Proxy"
397,503,Yes,None
396,200,No,"Proxy Level 3, Proxy Level 2, Proxy Level 1, Main Proxy"
398,503,Yes,None
399,200,No,"Proxy Level 3, Proxy Level 2, Proxy Level 1, Main Proxy"
400,200,No,"Proxy Level 3, Proxy Level 2, Proxy Level 1, Main Proxy"
401,200,No,"Proxy Level 3, Proxy Level 2, Proxy Level 1, Main Proxy"
402,503,Yes,None
403,200,No,"Proxy Level 3, Proxy Level 2, Proxy Level 1, Main Proxy"
404,200,No,"Proxy Level 3, Proxy Level 2, Proxy Level 1, Main Proxy"
405,200,No,"Proxy Level 3, Proxy Level 2, Proxy Level 1, Main Proxy"
406,503,Yes,None
407,503,Yes,None
409,503,Yes,None
408,200,No,"Proxy Level 3, Proxy Level 2, Proxy Level 1, Main Proxy"
410,200,No,"Proxy Level 3, Proxy Level 2, Proxy Level 1, Main Proxy"
411,200,No,"Proxy Level 3, Proxy Level 2, Proxy Level 1, Main Proxy"
412,503,Yes,None
413,200,No,"Proxy Level 3, Proxy Level 2, Proxy Level 1, Main Proxy"
415,503,Yes,None
414,200,No,"Proxy Level 3, Proxy Level 2, Proxy Level 1, Main Proxy"
416,503,Yes,None
417,200,No,"Proxy Level 3, Proxy Level 2, Proxy Level 1, Main Proxy"
418,200,No,"Proxy Level 3, Proxy Level 2, Proxy Level 1, Main Proxy"
419,503,Yes,None
421,503,Yes,None
420,200,No,"Proxy Level 3, Proxy Level 2, Proxy Level 1, Main Proxy"
425,503,Yes,None
422,200,No,"Proxy Level 3, Proxy Level 2, Proxy Level 1, Main Proxy"
424,200,No,"Proxy Level 3, Proxy Level 2, Proxy Level 1, Main Proxy"
423,200,No,"Proxy Level 3, Proxy Level 2, Proxy Level 1, Main Proxy"
426,503,Yes,None
427,200,No,"Proxy Level 3, Proxy Level 2, Proxy Level 1, Main Proxy"
428,503,Yes,None
429,200,No,"Proxy Level 3, Proxy Level 2, Proxy Level 1, Main Proxy"
430,200,No,"Proxy Level 3, Proxy Level 2, Proxy Level 1, Main Proxy"
432,503,Yes,None
431,503,Yes,None
433,200,No,"Proxy Level 3, Proxy Level 2, Proxy Level 1, Main Proxy"
434,200,No,"Proxy Level 3, Proxy Level 2, Proxy Level 1, Main Proxy"
435,200,No,"Proxy Level 3, Proxy Level 2, Proxy Level 1, Main Proxy"
436,503,Yes,None
438,200,No,"Proxy Level 3, Proxy Level 2, Proxy Level 1, Main Proxy"
437,200,No,"Proxy Level 3, Proxy Level 2, Proxy Level 1, Main Proxy"
439,503,Yes,None
440,200,No,"Proxy Level 3, Proxy Level 2, Proxy Level 1, Main Proxy"
441,503,Yes,None
442,503,Yes,None
443,200,No,"Proxy Level 3, Proxy Level 2, Proxy Level 1, Main Proxy"
445,503,Yes,None
444,200,No,"Proxy Level 3, Proxy Level 2, Proxy Level 1, Main Proxy"
446,200,No,"Proxy Level 3, Proxy Level 2, Proxy Level 1, Main Proxy"
448,503,Yes,None
449,503,Yes,None
447,200,No,"Proxy Level 3, Proxy Level 2, Proxy Level 1, Main Proxy"
451,503,Yes,None
450,200,No,"Proxy Level 3, Proxy Level 2, Proxy Level 1, Main Proxy"
452,200,No,"Proxy Level 3, Proxy Level 2, Proxy Level 1, Main Proxy"
453,200,No,"Proxy Level 3, Proxy Level 2, Proxy Level 1, Main Proxy"
454,200,No,"Proxy Level 3, Proxy Level 2, Proxy Level 1, Main Proxy"
455,503,Yes,None
456,200,No,"Proxy Level 3, Proxy Level 2, Proxy Level 1, Main Proxy"
457,503,Yes,None
458,200,No,"Proxy Level 3, Proxy Level 2, Proxy Level 1, Main Proxy"
459,200,No,"Proxy Level 3, Proxy Level 2, Proxy Level 1, Main Proxy"
460,503,Yes,None
463,503,Yes,None
461,200,No,"Proxy Level 3, Proxy Level 2, Proxy Level 1, Main Proxy"
462,200,No,"Proxy Level 3, Proxy Level 2, Proxy Level 1, Main Proxy"
464,200,No,"Proxy Level 3, Proxy Level 2, Proxy Level 1, Main Proxy"
465,200,No,"Proxy Level 3, Proxy Level 2, Proxy Level 1, Main Proxy"
466,503,Yes,None
467,200,No,"Proxy Level 3, Proxy Level 2, Proxy Level 1, Main Proxy"
468,503,Yes,None
470,200,No,"Proxy Level 3, Proxy Level 2, Proxy Level 1, Main Proxy"
469,200,No,"Proxy Level 3, Proxy Level 2, Proxy Level 1, Main Proxy"
471,503,Yes,None
472,200,No,"Proxy Level 3, Proxy Level 2, Proxy Level 1, Main Proxy"
473,503,Yes,None
474,200,No,"Proxy Level 3, Proxy Level 2, Proxy Level 1, Main Proxy"
475,503,Yes,None
477,200,No,"Proxy Level 3, Proxy Level 2, Proxy Level 1, Main Proxy"
476,200,No,"Proxy Level 3, Proxy Level 2, Proxy Level 1, Main Proxy"
478,503,Yes,None
479,200,No,"Proxy Level 3, Proxy Level 2, Proxy Level 1, Main Proxy"
481,503,Yes,None
480,200,No,"Proxy Level 3, Proxy Level 2, Proxy Level 1, Main Proxy"
482,200,No,"Proxy Level 3, Proxy Level 2, Proxy Level 1, Main Proxy"
483,503,Yes,None
484,200,No,"Proxy Level 3, Proxy Level 2, Proxy Level 1, Main Proxy"
485,503,Yes,None
487,503,Yes,None
486,200,No,"Proxy Level 3, Proxy Level 2, Proxy Level 1, Main Proxy"
488,200,No,"Proxy Level 3, Proxy Level 2, Proxy Level 1, Main Proxy"
489,503,Yes,None
491,200,No,"Proxy Level 3, Proxy Level 2, Proxy Level 1, Main Proxy"
490,200,No,"Proxy Level 3, Proxy Level 2, Proxy Level 1, Main Proxy"
492,503,Yes,None
493,200,No,"Proxy Level 3, Proxy Level 2, Proxy Level 1, Main Proxy"
496,503,Yes,None
495,503,Yes,None
494,200,No,"Proxy Level 3, Proxy Level 2, Proxy Level 1, Main Proxy"
497,200,No,"Proxy Level 3, Proxy Level 2, Proxy Level 1, Main Proxy"
498,200,No,"Proxy Level 3, Proxy Level 2, Proxy Level 1, Main Proxy"
499,200,No,"Proxy Level 3, Proxy Level 2, Proxy Level 1, Main Proxy"
500,503,Yes,None
501,200,No,"Proxy Level 3, Proxy Level 2, Proxy Level 1, Main Proxy"
503,503,Yes,None
504,503,Yes,None
502,200,No,"Proxy Level 3, Proxy Level 2, Proxy Level 1, Main Proxy"
506,200,No,"Proxy Level 3, Proxy Level 2, Proxy Level 1, Main Proxy"
505,200,No,"Proxy Level 3, Proxy Level 2, Proxy Level 1, Main Proxy"
507,503,Yes,None
508,503,Yes,None
509,200,No,"Proxy Level 3, Proxy Level 2, Proxy Level 1, Main Proxy"
510,200,No,"Proxy Level 3, Proxy Level 2, Proxy Level 1, Main Proxy"
511,503,Yes,None
512,200,No,"Proxy Level 3, Proxy Level 2, Proxy Level 1, Main Proxy"
513,503,Yes,None
515,200,No,"Proxy Level 3, Proxy Level 2, Proxy Level 1, Main Proxy"
514,200,No,"Proxy Level 3, Proxy Level 2, Proxy Level 1, Main Proxy"
516,503,Yes,None
517,200,No,"Proxy Level 3, Proxy Level 2, Proxy Level 1, Main Proxy"
519,503,Yes,None
518,200,No,"Proxy Level 3, Proxy Level 2, Proxy Level 1, Main Proxy"
520,200,No,"Proxy Level 3, Proxy Level 2, Proxy Level 1, Main Proxy"
521,200,No,"Proxy Level 3, Proxy Level 2, Proxy Level 1, Main Proxy"
522,503,Yes,None
524,503,Yes,None
523,200,No,"Proxy Level 3, Proxy Level 2, Proxy Level 1, Main Proxy"
525,503,Yes,None
526,200,No,"Proxy Level 3, Proxy Level 2, Proxy Level 1, Main Proxy"
527,200,No,"Proxy Level 3, Proxy Level 2, Proxy Level 1, Main Proxy"
528,503,Yes,None
529,200,No,"Proxy Level 3, Proxy Level 2, Proxy Level 1, Main Proxy"
531,503,Yes,None
530,200,No,"Proxy Level 3, Proxy Level 2, Proxy Level 1, Main Proxy"
532,200,No,"Proxy Level 3, Proxy Level 2, Proxy Level 1, Main Proxy"
534,503,Yes,None
533,200,No,"Proxy Level 3, Proxy Level 2, Proxy Level 1, Main Proxy"
535,200,No,"Proxy Level 3, Proxy Level 2, Proxy Level 1, Main Proxy"
536,503,Yes,None
538,503,Yes,None
537,200,No,"Proxy Level 3, Proxy Level 2, Proxy Level 1, Main Proxy"
539,200,No,"Proxy Level 3, Proxy Level 2, Proxy Level 1, Main Proxy"
540,503,Yes,None
541,200,No,"Proxy Level 3, Proxy Level 2, Proxy Level 1, Main Proxy"
543,200,No,"Proxy Level 3, Proxy Level 2, Proxy Level 1, Main Proxy"
542,200,No,"Proxy Level 3, Proxy Level 2, Proxy Level 1, Main Proxy"
544,503,Yes,None
545,200,No,"Proxy Level 3, Proxy Level 2, Proxy Level 1, Main Proxy"
546,200,No,"Proxy Level 3, Proxy Level 2, Proxy Level 1, Main Proxy"
547,503,Yes,None
548,200,No,"Proxy Level 3, Proxy Level 2, Proxy Level 1, Main Proxy"
549,503,Yes,None
550,200,No,"Proxy Level 3, Proxy Level 2, Proxy Level 1, Main Proxy"
551,200,No,"Proxy Level 3, Proxy Level 2, Proxy Level 1, Main Proxy"
552,503,Yes,None
553,200,No,"Proxy Level 3, Proxy Level 2, Proxy Level 1, Main Proxy"
554,503,Yes,None
557,503,Yes,None
555,200,No,"Proxy Level 3, Proxy Level 2, Proxy Level 1, Main Proxy"
556,200,No,"Proxy Level 3, Proxy Level 2, Proxy Level 1, Main Proxy"
558,200,No,"Proxy Level 3, Proxy Level 2, Proxy Level 1, Main Proxy"
559,503,Yes,None
560,200,No,"Proxy Level 3, Proxy Level 2, Proxy Level 1, Main Proxy"
561,503,Yes,None
562,200,No,"Proxy Level 3, Proxy Level 2, Proxy Level 1, Main Proxy"
563,200,No,"Proxy Level 3, Proxy Level 2, Proxy Level 1, Main Proxy"
564,503,Yes,None
565,200,No,"Proxy Level 3, Proxy Level 2, Proxy Level 1, Main Proxy"
566,503,Yes,None
567,200,No,"Proxy Level 3, Proxy Level 2, Proxy Level 1, Main Proxy"
569,200,No,"Proxy Level 3, Proxy Level 2, Proxy Level 1, Main Proxy"
568,200,No,"Proxy Level 3, Proxy Level 2, Proxy Level 1, Main Proxy"
571,503,Yes,None
570,200,No,"Proxy Level 3, Proxy Level 2, Proxy Level 1, Main Proxy"
572,503,Yes,None
574,503,Yes,None
573,200,No,"Proxy Level 3, Proxy Level 2, Proxy Level 1, Main Proxy"
575,200,No,"Proxy Level 3, Proxy Level 2, Proxy Level 1, Main Proxy"
577,503,Yes,None
576,200,No,"Proxy Level 3, Proxy Level 2, Proxy Level 1, Main Proxy"
578,200,No,"Proxy Level 3, Proxy Level 2, Proxy Level 1, Main Proxy"
579,503,Yes,None
580,200,No,"Proxy Level 3, Proxy Level 2, Proxy Level 1, Main Proxy"
581,200,No,"Proxy Level 3, Proxy Level 2, Proxy Level 1, Main Proxy"
583,503,Yes,None
582,503,Yes,None
584,200,No,"Proxy Level 3, Proxy Level 2, Proxy Level 1, Main Proxy"
585,200,No,"Proxy Level 3, Proxy Level 2, Proxy Level 1, Main Proxy"
586,503,Yes,None
587,200,No,"Proxy Level 3, Proxy Level 2, Proxy Level 1, Main Proxy"
589,503,Yes,None
588,200,No,"Proxy Level 3, Proxy Level 2, Proxy Level 1, Main Proxy"
590,503,Yes,None
594,503,Yes,None
591,200,No,"Proxy Level 3, Proxy Level 2, Proxy Level 1, Main Proxy"
596,503,Yes,None
592,200,No,"Proxy Level 3, Proxy Level 2, Proxy Level 1, Main Proxy"
595,200,No,"Proxy Level 3, Proxy Level 2, Proxy Level 1, Main Proxy"
593,200,No,"Proxy Level 3, Proxy Level 2, Proxy Level 1, Main Proxy"
598,503,Yes,None
597,200,No,"Proxy Level 3, Proxy Level 2, Proxy Level 1, Main Proxy"
601,503,Yes,None
600,503,Yes,None
599,200,No,"Proxy Level 3, Proxy Level 2, Proxy Level 1, Main Proxy"
602,200,No,"Proxy Level 3, Proxy Level 2, Proxy Level 1, Main Proxy"
603,200,No,"Proxy Level 3, Proxy Level 2, Proxy Level 1, Main Proxy"
604,200,No,"Proxy Level 3, Proxy Level 2, Proxy Level 1, Main Proxy"
605,503,Yes,None
607,200,No,"Proxy Level 3, Proxy Level 2, Proxy Level 1, Main Proxy"
606,200,No,"Proxy Level 3, Proxy Level 2, Proxy Level 1, Main Proxy"
608,503,Yes,None
609,200,No,"Proxy Level 3, Proxy Level 2, Proxy Level 1, Main Proxy"
610,200,No,"Proxy Level 3, Proxy Level 2, Proxy Level 1, Main Proxy"
611,200,No,"Proxy Level 3, Proxy Level 2, Proxy Level 1, Main Proxy"
612,503,Yes,None
613,503,Yes,None
615,200,No,"Proxy Level 3, Proxy Level 2, Proxy Level 1, Main Proxy"
614,200,No,"Proxy Level 3, Proxy Level 2, Proxy Level 1, Main Proxy"
618,503,Yes,None
619,503,Yes,None
620,503,Yes,None
616,200,No,"Proxy Level 3, Proxy Level 2, Proxy Level 1, Main Proxy"
617,200,No,"Proxy Level 3, Proxy Level 2, Proxy Level 1, Main Proxy"
621,200,No,"Proxy Level 3, Proxy Level 2, Proxy Level 1, Main Proxy"
622,200,No,"Proxy Level 3, Proxy Level 2, Proxy Level 1, Main Proxy"
623,200,No,"Proxy Level 3, Proxy Level 2, Proxy Level 1, Main Proxy"
624,200,No,"Proxy Level 3, Proxy Level 2, Proxy Level 1, Main Proxy"
625,503,Yes,None
627,503,Yes,None
628,200,No,"Proxy Level 3, Proxy Level 2, Proxy Level 1, Main Proxy"
626,200,No,"Proxy Level 3, Proxy Level 2, Proxy Level 1, Main Proxy"
630,503,Yes,None
629,200,No,"Proxy Level 3, Proxy Level 2, Proxy Level 1, Main Proxy"
631,503,Yes,None
632,200,No,"Proxy Level 3, Proxy Level 2, Proxy Level 1, Main Proxy"
633,200,No,"Proxy Level 3, Proxy Level 2, Proxy Level 1, Main Proxy"
634,200,No,"Proxy Level 3, Proxy Level 2, Proxy Level 1, Main Proxy"
635,503,Yes,None
636,200,No,"Proxy Level 3, Proxy Level 2, Proxy Level 1, Main Proxy"
637,503,Yes,None
638,200,No,"Proxy Level 3, Proxy Level 2, Proxy Level 1, Main Proxy"
639,200,No,"Proxy Level 3, Proxy Level 2, Proxy Level 1, Main Proxy"
640,503,Yes,None
641,200,No,"Proxy Level 3, Proxy Level 2, Proxy Level 1, Main Proxy"
642,200,No,"Proxy Level 3, Proxy Level 2, Proxy Level 1, Main Proxy"
643,200,No,"Proxy Level 3, Proxy Level 2, Proxy Level 1, Main Proxy"
644,503,Yes,None
645,503,Yes,None
646,200,No,"Proxy Level 3, Proxy Level 2, Proxy Level 1, Main Proxy"
647,503,Yes,None
649,503,Yes,None
648,200,No,"Proxy Level 3, Proxy Level 2, Proxy Level 1, Main Proxy"
650,200,No,"Proxy Level 3, Proxy Level 2, Proxy Level 1, Main Proxy"
651,503,Yes,None
652,200,No,"Proxy Level 3, Proxy Level 2, Proxy Level 1, Main Proxy"
653,200,No,"Proxy Level 3, Proxy Level 2, Proxy Level 1, Main Proxy"
655,200,No,"Proxy Level 3, Proxy Level 2, Proxy Level 1, Main Proxy"
654,503,Yes,None
657,503,Yes,None
656,200,No,"Proxy Level 3, Proxy Level 2, Proxy Level 1, Main Proxy"
659,503,Yes,None
658,200,No,"Proxy Level 3, Proxy Level 2, Proxy Level 1, Main Proxy"
660,503,Yes,None
663,503,Yes,None
662,200,No,"Proxy Level 3, Proxy Level 2, Proxy Level 1, Main Proxy"
661,200,No,"Proxy Level 3, Proxy Level 2, Proxy Level 1, Main Proxy"
665,503,Yes,None
664,200,No,"Proxy Level 3, Proxy Level 2, Proxy Level 1, Main Proxy"
667,503,Yes,None
666,200,No,"Proxy Level 3, Proxy Level 2, Proxy Level 1, Main Proxy"
668,200,No,"Proxy Level 3, Proxy Level 2, Proxy Level 1, Main Proxy"
670,200,No,"Proxy Level 3, Proxy Level 2, Proxy Level 1, Main Proxy"
669,200,No,"Proxy Level 3, Proxy Level 2, Proxy Level 1, Main Proxy"
671,503,Yes,None
672,200,No,"Proxy Level 3, Proxy Level 2, Proxy Level 1, Main Proxy"
673,200,No,"Proxy Level 3, Proxy Level 2, Proxy Level 1, Main Proxy"
674,503,Yes,None
675,503,Yes,None
676,503,Yes,None
678,200,No,"Proxy Level 3, Proxy Level 2, Proxy Level 1, Main Proxy"
679,200,No,"Proxy Level 3, Proxy Level 2, Proxy Level 1, Main Proxy"
677,200,No,"Proxy Level 3, Proxy Level 2, Proxy Level 1, Main Proxy"
680,200,No,"Proxy Level 3, Proxy Level 2, Proxy Level 1, Main Proxy"
682,503,Yes,None
681,503,Yes,None
683,200,No,"Proxy Level 3, Proxy Level 2, Proxy Level 1, Main Proxy"
684,200,No,"Proxy Level 3, Proxy Level 2, Proxy Level 1, Main Proxy"
685,503,Yes,None
687,503,Yes,None
686,200,No,"Proxy Level 3, Proxy Level 2, Proxy Level 1, Main Proxy"
688,200,No,"Proxy Level 3, Proxy Level 2, Proxy Level 1, Main Proxy"
690,503,Yes,None
689,200,No,"Proxy Level 3, Proxy Level 2, Proxy Level 1, Main Proxy"
691,200,No,"Proxy Level 3, Proxy Level 2, Proxy Level 1, Main Proxy"
692,200,No,"Proxy Level 3, Proxy Level 2, Proxy Level 1, Main Proxy"
693,503,Yes,None
694,200,No,"Proxy Level 3, Proxy Level 2, Proxy Level 1, Main Proxy"
696,503,Yes,None
695,200,No,"Proxy Level 3, Proxy Level 2, Proxy Level 1, Main Proxy"
697,503,Yes,None
699,503,Yes,None
698,200,No,"Proxy Level 3, Proxy Level 2, Proxy Level 1, Main Proxy"
700,200,No,"Proxy Level 3, Proxy Level 2, Proxy Level 1, Main Proxy"
701,200,No,"Proxy Level 3, Proxy Level 2, Proxy Level 1, Main Proxy"
702,503,Yes,None
705,503,Yes,None
703,200,No,"Proxy Level 3, Proxy Level 2, Proxy Level 1, Main Proxy"
704,503,Yes,None
707,200,No,"Proxy Level 3, Proxy Level 2, Proxy Level 1, Main Proxy"
706,200,No,"Proxy Level 3, Proxy Level 2, Proxy Level 1, Main Proxy"
709,503,Yes,None
708,200,No,"Proxy Level 3, Proxy Level 2, Proxy Level 1, Main Proxy"
710,200,No,"Proxy Level 3, Proxy Level 2, Proxy Level 1, Main Proxy"
711,200,No,"Proxy Level 3, Proxy Level 2, Proxy Level 1, Main Proxy"
712,200,No,"Proxy Level 3, Proxy Level 2, Proxy Level 1, Main Proxy"
713,200,No,"Proxy Level 3, Proxy Level 2, Proxy Level 1, Main Proxy"
714,200,No,"Proxy Level 3, Proxy Level 2, Proxy Level 1, Main Proxy"
715,503,Yes,None
716,200,No,"Proxy Level 3, Proxy Level 2, Proxy Level 1, Main Proxy"
717,503,Yes,None
718,200,No,"Proxy Level 3, Proxy Level 2, Proxy Level 1, Main Proxy"
721,503,Yes,None
720,200,No,"Proxy Level 3, Proxy Level 2, Proxy Level 1, Main Proxy"
719,200,No,"Proxy Level 3, Proxy Level 2, Proxy Level 1, Main Proxy"
722,503,Yes,None
723,200,No,"Proxy Level 3, Proxy Level 2, Proxy Level 1, Main Proxy"
724,503,Yes,None
725,200,No,"Proxy Level 3, Proxy Level 2, Proxy Level 1, Main Proxy"
726,200,No,"Proxy Level 3, Proxy Level 2, Proxy Level 1, Main Proxy"
727,503,Yes,None
728,200,No,"Proxy Level 3, Proxy Level 2, Proxy Level 1, Main Proxy"
730,503,Yes,None
729,200,No,"Proxy Level 3, Proxy Level 2, Proxy Level 1, Main Proxy"
731,503,Yes,None
732,200,No,"Proxy Level 3, Proxy Level 2, Proxy Level 1, Main Proxy"
733,200,No,"Proxy Level 3, Proxy Level 2, Proxy Level 1, Main Proxy"
734,503,Yes,None
737,503,Yes,None
739,503,Yes,None
738,200,No,"Proxy Level 3, Proxy Level 2, Proxy Level 1, Main Proxy"
740,200,No,"Proxy Level 3, Proxy Level 2, Proxy Level 1, Main Proxy"
741,200,No,"Proxy Level 3, Proxy Level 2, Proxy Level 1, Main Proxy"
744,503,Yes,None
742,200,No,"Proxy Level 3, Proxy Level 2, Proxy Level 1, Main Proxy"
743,200,No,"Proxy Level 3, Proxy Level 2, Proxy Level 1, Main Proxy"
746,503,Yes,None
745,200,No,"Proxy Level 3, Proxy Level 2, Proxy Level 1, Main Proxy"
747,503,Yes,None
748,200,No,"Proxy Level 3, Proxy Level 2, Proxy Level 1, Main Proxy"
749,200,No,"Proxy Level 3, Proxy Level 2, Proxy Level 1, Main Proxy"
750,503,Yes,None
751,200,No,"Proxy Level 3, Proxy Level 2, Proxy Level 1, Main Proxy"
752,200,No,"Proxy Level 3, Proxy Level 2, Proxy Level 1, Main Proxy"
753,503,Yes,None
755,200,No,"Proxy Level 3, Proxy Level 2, Proxy Level 1, Main Proxy"
754,200,No,"Proxy Level 3, Proxy Level 2, Proxy Level 1, Main Proxy"
756,503,Yes,None
757,200,No,"Proxy Level 3, Proxy Level 2, Proxy Level 1, Main Proxy"
758,200,No,"Proxy Level 3, Proxy Level 2, Proxy Level 1, Main Proxy"
759,503,Yes,None
760,503,Yes,None
761,503,Yes,None
762,200,No,"Proxy Level 3, Proxy Level 2, Proxy Level 1, Main Proxy"
763,200,No,"Proxy Level 3, Proxy Level 2, Proxy Level 1, Main Proxy"
764,200,No,"Proxy Level 3, Proxy Level 2, Proxy Level 1, Main Proxy"
766,503,Yes,None
768,503,Yes,None
767,200,No,"Proxy Level 3, Proxy Level 2, Proxy Level 1, Main Proxy"
765,200,No,"Proxy Level 3, Proxy Level 2, Proxy Level 1, Main Proxy"
769,200,No,"Proxy Level 3, Proxy Level 2, Proxy Level 1, Main Proxy"
770,503,Yes,None
771,200,No,"Proxy Level 3, Proxy Level 2, Proxy Level 1, Main Proxy"
772,503,Yes,None
774,503,Yes,None
773,200,No,"Proxy Level 3, Proxy Level 2, Proxy Level 1, Main Proxy"
775,200,No,"Proxy Level 3, Proxy Level 2, Proxy Level 1, Main Proxy"
776,200,No,"Proxy Level 3, Proxy Level 2, Proxy Level 1, Main Proxy"
777,503,Yes,None
778,200,No,"Proxy Level 3, Proxy Level 2, Proxy Level 1, Main Proxy"
781,503,Yes,None
780,200,No,"Proxy Level 3, Proxy Level 2, Proxy Level 1, Main Proxy"
779,200,No,"Proxy Level 3, Proxy Level 2, Proxy Level 1, Main Proxy"
782,200,No,"Proxy Level 3, Proxy Level 2, Proxy Level 1, Main Proxy"
783,200,No,"Proxy Level 3, Proxy Level 2, Proxy Level 1, Main Proxy"
786,503,Yes,None
785,503,Yes,None
784,200,No,"Proxy Level 3, Proxy Level 2, Proxy Level 1, Main Proxy"
787,503,Yes,None
788,200,No,"Proxy Level 3, Proxy Level 2, Proxy Level 1, Main Proxy"
789,503,Yes,None
791,503,Yes,None
790,200,No,"Proxy Level 3, Proxy Level 2, Proxy Level 1, Main Proxy"
793,200,No,"Proxy Level 3, Proxy Level 2, Proxy Level 1, Main Proxy"
792,200,No,"Proxy Level 3, Proxy Level 2, Proxy Level 1, Main Proxy"
794,503,Yes,None
795,200,No,"Proxy Level 3, Proxy Level 2, Proxy Level 1, Main Proxy"
796,200,No,"Proxy Level 3, Proxy Level 2, Proxy Level 1, Main Proxy"
797,503,Yes,None
798,200,No,"Proxy Level 3, Proxy Level 2, Proxy Level 1, Main Proxy"
799,503,Yes,None
800,200,No,"Proxy Level 3, Proxy Level 2, Proxy Level 1, Main Proxy"
801,503,Yes,None
802,200,No,"Proxy Level 3, Proxy Level 2, Proxy Level 1, Main Proxy"
803,200,No,"Proxy Level 3, Proxy Level 2, Proxy Level 1, Main Proxy"
804,200,No,"Proxy Level 3, Proxy Level 2, Proxy Level 1, Main Proxy"
805,503,Yes,None
806,200,No,"Proxy Level 3, Proxy Level 2, Proxy Level 1, Main Proxy"
808,503,Yes,None
807,200,No,"Proxy Level 3, Proxy Level 2, Proxy Level 1, Main Proxy"
809,200,No,"Proxy Level 3, Proxy Level 2, Proxy Level 1, Main Proxy"
810,503,Yes,None
811,503,Yes,None
812,200,No,"Proxy Level 3, Proxy Level 2, Proxy Level 1, Main Proxy"
813,200,No,"Proxy Level 3, Proxy Level 2, Proxy Level 1, Main Proxy"
814,503,Yes,None
815,200,No,"Proxy Level 3, Proxy Level 2, Proxy Level 1, Main Proxy"
816,200,No,"Proxy Level 3, Proxy Level 2, Proxy Level 1, Main Proxy"
817,503,Yes,None
818,200,No,"Proxy Level 3, Proxy Level 2, Proxy Level 1, Main Proxy"
819,503,Yes,None
820,200,No,"Proxy Level 3, Proxy Level 2, Proxy Level 1, Main Proxy"
821,200,No,"Proxy Level 3, Proxy Level 2, Proxy Level 1, Main Proxy"
823,503,Yes,None
822,503,Yes,None
824,200,No,"Proxy Level 3, Proxy Level 2, Proxy Level 1, Main Proxy"
825,200,No,"Proxy Level 3, Proxy Level 2, Proxy Level 1, Main Proxy"
828,503,Yes,None
826,200,No,"Proxy Level 3, Proxy Level 2, Proxy Level 1, Main Proxy"
827,200,No,"Proxy Level 3, Proxy Level 2, Proxy Level 1, Main Proxy"
830,503,Yes,None
829,200,No,"Proxy Level 3, Proxy Level 2, Proxy Level 1, Main Proxy"
831,200,No,"Proxy Level 3, Proxy Level 2, Proxy Level 1, Main Proxy"
832,503,Yes,None
833,200,No,"Proxy Level 3, Proxy Level 2, Proxy Level 1, Main Proxy"
835,503,Yes,None
834,200,No,"Proxy Level 3, Proxy Level 2, Proxy Level 1, Main Proxy"
836,200,No,"Proxy Level 3, Proxy Level 2, Proxy Level 1, Main Proxy"
837,200,No,"Proxy Level 3, Proxy Level 2, Proxy Level 1, Main Proxy"
838,503,Yes,None
840,503,Yes,None
839,200,No,"Proxy Level 3, Proxy Level 2, Proxy Level 1, Main Proxy"
841,200,No,"Proxy Level 3, Proxy Level 2, Proxy Level 1, Main Proxy"
843,503,Yes,None
844,200,No,"Proxy Level 3, Proxy Level 2, Proxy Level 1, Main Proxy"
845,503,Yes,None
846,503,Yes,None
849,503,Yes,None
847,200,No,"Proxy Level 3, Proxy Level 2, Proxy Level 1, Main Proxy"
848,200,No,"Proxy Level 3, Proxy Level 2, Proxy Level 1, Main Proxy"
850,200,No,"Proxy Level 3, Proxy Level 2, Proxy Level 1, Main Proxy"
851,200,No,"Proxy Level 3, Proxy Level 2, Proxy Level 1, Main Proxy"
852,503,Yes,None
735,200,No,"Proxy Level 3, Proxy Level 2, Proxy Level 1, Main Proxy"
853,503,Yes,None
854,200,No,"Proxy Level 3, Proxy Level 2, Proxy Level 1, Main Proxy"
736,200,No,"Proxy Level 3, Proxy Level 2, Proxy Level 1, Main Proxy"
855,200,No,"Proxy Level 3, Proxy Level 2, Proxy Level 1, Main Proxy"
856,200,No,"Proxy Level 3, Proxy Level 2, Proxy Level 1, Main Proxy"
857,200,No,"Proxy Level 3, Proxy Level 2, Proxy Level 1, Main Proxy"
860,200,No,"Proxy Level 3, Proxy Level 2, Proxy Level 1, Main Proxy"
858,200,No,"Proxy Level 3, Proxy Level 2, Proxy Level 1, Main Proxy"
859,200,No,"Proxy Level 3, Proxy Level 2, Proxy Level 1, Main Proxy"
862,503,Yes,None
861,200,No,"Proxy Level 3, Proxy Level 2, Proxy Level 1, Main Proxy"
863,503,Yes,None
864,200,No,"Proxy Level 3, Proxy Level 2, Proxy Level 1, Main Proxy"
866,503,Yes,None
867,503,Yes,None
865,200,No,"Proxy Level 3, Proxy Level 2, Proxy Level 1, Main Proxy"
868,200,No,"Proxy Level 3, Proxy Level 2, Proxy Level 1, Main Proxy"
870,503,Yes,None
869,200,No,"Proxy Level 3, Proxy Level 2, Proxy Level 1, Main Proxy"
871,200,No,"Proxy Level 3, Proxy Level 2, Proxy Level 1, Main Proxy"
872,200,No,"Proxy Level 3, Proxy Level 2, Proxy Level 1, Main Proxy"
873,200,No,"Proxy Level 3, Proxy Level 2, Proxy Level 1, Main Proxy"
874,503,Yes,None
875,200,No,"Proxy Level 3, Proxy Level 2, Proxy Level 1, Main Proxy"
877,503,Yes,None
880,503,Yes,None
876,200,No,"Proxy Level 3, Proxy Level 2, Proxy Level 1, Main Proxy"
879,200,No,"Proxy Level 3, Proxy Level 2, Proxy Level 1, Main Proxy"
878,200,No,"Proxy Level 3, Proxy Level 2, Proxy Level 1, Main Proxy"
881,200,No,"Proxy Level 3, Proxy Level 2, Proxy Level 1, Main Proxy"
883,503,Yes,None
882,200,No,"Proxy Level 3, Proxy Level 2, Proxy Level 1, Main Proxy"
884,200,No,"Proxy Level 3, Proxy Level 2, Proxy Level 1, Main Proxy"
885,503,Yes,None
887,503,Yes,None
886,200,No,"Proxy Level 3, Proxy Level 2, Proxy Level 1, Main Proxy"
888,200,No,"Proxy Level 3, Proxy Level 2, Proxy Level 1, Main Proxy"
890,503,Yes,None
889,200,No,"Proxy Level 3, Proxy Level 2, Proxy Level 1, Main Proxy"
891,503,Yes,None
892,200,No,"Proxy Level 3, Proxy Level 2, Proxy Level 1, Main Proxy"
895,503,Yes,None
893,200,No,"Proxy Level 3, Proxy Level 2, Proxy Level 1, Main Proxy"
894,200,No,"Proxy Level 3, Proxy Level 2, Proxy Level 1, Main Proxy"
896,200,No,"Proxy Level 3, Proxy Level 2, Proxy Level 1, Main Proxy"
897,200,No,"Proxy Level 3, Proxy Level 2, Proxy Level 1, Main Proxy"
898,200,No,"Proxy Level 3, Proxy Level 2, Proxy Level 1, Main Proxy"
899,503,Yes,None
901,503,Yes,None
900,200,No,"Proxy Level 3, Proxy Level 2, Proxy Level 1, Main Proxy"
902,200,No,"Proxy Level 3, Proxy Level 2, Proxy Level 1, Main Proxy"
903,200,No,"Proxy Level 3, Proxy Level 2, Proxy Level 1, Main Proxy"
904,503,Yes,None
905,200,No,"Proxy Level 3, Proxy Level 2, Proxy Level 1, Main Proxy"
907,503,Yes,None
906,503,Yes,None
909,503,Yes,None
908,200,No,"Proxy Level 3, Proxy Level 2, Proxy Level 1, Main Proxy"
911,200,No,"Proxy Level 3, Proxy Level 2, Proxy Level 1, Main Proxy"
910,200,No,"Proxy Level 3, Proxy Level 2, Proxy Level 1, Main Proxy"
912,503,Yes,None
913,200,No,"Proxy Level 3, Proxy Level 2, Proxy Level 1, Main Proxy"
915,200,No,"Proxy Level 3, Proxy Level 2, Proxy Level 1, Main Proxy"
914,200,No,"Proxy Level 3, Proxy Level 2, Proxy Level 1, Main Proxy"
916,503,Yes,None
917,200,No,"Proxy Level 3, Proxy Level 2, Proxy Level 1, Main Proxy"
918,503,Yes,None
920,503,Yes,None
919,200,No,"Proxy Level 3, Proxy Level 2, Proxy Level 1, Main Proxy"
921,200,No,"Proxy Level 3, Proxy Level 2, Proxy Level 1, Main Proxy"
923,503,Yes,None
922,200,No,"Proxy Level 3, Proxy Level 2, Proxy Level 1, Main Proxy"
925,503,Yes,None
924,200,No,"Proxy Level 3, Proxy Level 2, Proxy Level 1, Main Proxy"
928,503,Yes,None
926,200,No,"Proxy Level 3, Proxy Level 2, Proxy Level 1, Main Proxy"
927,200,No,"Proxy Level 3, Proxy Level 2, Proxy Level 1, Main Proxy"
929,503,Yes,None
930,200,No,"Proxy Level 3, Proxy Level 2, Proxy Level 1, Main Proxy"
933,503,Yes,None
931,200,No,"Proxy Level 3, Proxy Level 2, Proxy Level 1, Main Proxy"
932,200,No,"Proxy Level 3, Proxy Level 2, Proxy Level 1, Main Proxy"
934,503,Yes,None
936,200,No,"Proxy Level 3, Proxy Level 2, Proxy Level 1, Main Proxy"
935,200,No,"Proxy Level 3, Proxy Level 2, Proxy Level 1, Main Proxy"
937,503,Yes,None
938,503,Yes,None
939,200,No,"Proxy Level 3, Proxy Level 2, Proxy Level 1, Main Proxy"
940,200,No,"Proxy Level 3, Proxy Level 2, Proxy Level 1, Main Proxy"
942,503,Yes,None
943,503,Yes,None
941,200,No,"Proxy Level 3, Proxy Level 2, Proxy Level 1, Main Proxy"
944,200,No,"Proxy Level 3, Proxy Level 2, Proxy Level 1, Main Proxy"
945,200,No,"Proxy Level 3, Proxy Level 2, Proxy Level 1, Main Proxy"
946,200,No,"Proxy Level 3, Proxy Level 2, Proxy Level 1, Main Proxy"
947,503,Yes,None
948,200,No,"Proxy Level 3, Proxy Level 2, Proxy Level 1, Main Proxy"
949,503,Yes,None
950,503,Yes,None
951,200,No,"Proxy Level 3, Proxy Level 2, Proxy Level 1, Main Proxy"
952,200,No,"Proxy Level 3, Proxy Level 2, Proxy Level 1, Main Proxy"
953,200,No,"Proxy Level 3, Proxy Level 2, Proxy Level 1, Main Proxy"
954,200,No,"Proxy Level 3, Proxy Level 2, Proxy Level 1, Main Proxy"
955,503,Yes,None
956,503,Yes,None
959,503,Yes,None
958,200,No,"Proxy Level 3, Proxy Level 2, Proxy Level 1, Main Proxy"
957,200,No,"Proxy Level 3, Proxy Level 2, Proxy Level 1, Main Proxy"
960,200,No,"Proxy Level 3, Proxy Level 2, Proxy Level 1, Main Proxy"
961,503,Yes,None
962,200,No,"Proxy Level 3, Proxy Level 2, Proxy Level 1, Main Proxy"
964,503,Yes,None
963,200,No,"Proxy Level 3, Proxy Level 2, Proxy Level 1, Main Proxy"
966,503,Yes,None
965,200,No,"Proxy Level 3, Proxy Level 2, Proxy Level 1, Main Proxy"
968,200,No,"Proxy Level 3, Proxy Level 2, Proxy Level 1, Main Proxy"
967,200,No,"Proxy Level 3, Proxy Level 2, Proxy Level 1, Main Proxy"
969,503,Yes,None
970,200,No,"Proxy Level 3, Proxy Level 2, Proxy Level 1, Main Proxy"
971,200,No,"Proxy Level 3, Proxy Level 2, Proxy Level 1, Main Proxy"
973,503,Yes,None
972,200,No,"Proxy Level 3, Proxy Level 2, Proxy Level 1, Main Proxy"
974,503,Yes,None
975,200,No,"Proxy Level 3, Proxy Level 2, Proxy Level 1, Main Proxy"
977,503,Yes,None
976,200,No,"Proxy Level 3, Proxy Level 2, Proxy Level 1, Main Proxy"
979,503,Yes,None
978,200,No,"Proxy Level 3, Proxy Level 2, Proxy Level 1, Main Proxy"
981,503,Yes,None
980,200,No,"Proxy Level 3, Proxy Level 2, Proxy Level 1, Main Proxy"
982,200,No,"Proxy Level 3, Proxy Level 2, Proxy Level 1, Main Proxy"
984,503,Yes,None
983,200,No,"Proxy Level 3, Proxy Level 2, Proxy Level 1, Main Proxy"
985,200,No,"Proxy Level 3, Proxy Level 2, Proxy Level 1, Main Proxy"
987,200,No,"Proxy Level 3, Proxy Level 2, Proxy Level 1, Main Proxy"
986,200,No,"Proxy Level 3, Proxy Level 2, Proxy Level 1, Main Proxy"
988,503,Yes,None
989,503,Yes,None
990,200,No,"Proxy Level 3, Proxy Level 2, Proxy Level 1, Main Proxy"
991,200,No,"Proxy Level 3, Proxy Level 2, Proxy Level 1, Main Proxy"
993,503,Yes,None
992,200,No,"Proxy Level 3, Proxy Level 2, Proxy Level 1, Main Proxy"
994,200,No,"Proxy Level 3, Proxy Level 2, Proxy Level 1, Main Proxy"
995,503,Yes,None
997,503,Yes,None
996,200,No,"Proxy Level 3, Proxy Level 2, Proxy Level 1, Main Proxy"
998,200,No,"Proxy Level 3, Proxy Level 2, Proxy Level 1, Main Proxy"
999,503,Yes,None
1000,200,No,"Proxy Level 3, Proxy Level 2, Proxy Level 1, Main Proxy"
